{
    "$schema": "https://schema.management.azure.com/schemas/2019-04-01/deploymentTemplate.json#",
    "contentVersion": "1.0.0.1",
    "parameters": {
        "managedInstanceName": {
            "type": "string",
            "metadata": {
                "description": "Enter managed instance name."
            }
        },
        "administratorLogin": {
            "type": "string",
            "metadata": {
                "description": "Enter user name."
            }
        },
        "administratorLoginPassword": {
            "type": "securestring",
            "metadata": {
                "description": "Enter password."
            }
        },
        "location": {
            "type": "string",
            "defaultValue": "[resourceGroup().location]",
            "metadata": {
                "description": "Enter location. If you leave this field blank resource group location would be used."
            }
        },
        "virtualNetworkName": {
            "type": "string",
            "defaultValue": "SQLMI-VNET",
            "metadata": {
                "description": "Enter virtual network name. If you leave this field blank name will be created by the template."
            }
        },
        "addressPrefix": {
            "type": "string",
            "defaultValue": "10.0.0.0/16",
            "metadata": {
                "description": "Enter virtual network address prefix."
            }
        },
        "subnetName": {
            "type": "string",
            "defaultValue": "ManagedInstance",
            "metadata": {
                "description": "Enter subnet name."
            }
        },
        "subnetPrefix": {
            "type": "string",
            "defaultValue": "10.0.0.0/24",
            "metadata": {
                "description": "Enter subnet address prefix."
            }
        },
        "skuName": {
            "type": "string",
            "allowedValues": [
                "GP_Gen5",
                "BC_Gen5"
            ],
            "defaultValue": "GP_Gen5",
            "metadata": {
                "description": "Enter sku name."
            }
        },
        "vCores": {
            "type": "string",
            "defaultValue": "4",
            "metadata": {
                "description": "Enter number of vCores."
            }
        },
        "storageSizeInGB": {
            "type": "string",
            "defaultValue": "32",
            "metadata": {
                "description": "Enter storage size."
            }
        },
        "licenseType": {
            "type": "string",
            "defaultValue": "LicenseIncluded",
            "allowedValues": [
                "BasePrice",
                "LicenseIncluded"
            ],
            "metadata": {
                "description": "Enter license type."
            }
        }
    },
    "variables": {
        "networkSecurityGroupName": "[concat('SQLMI-', parameters('managedInstanceName'), '-NSG')]",
        "routeTableName": "[concat('SQLMI-', parameters('managedInstanceName'), '-Route-Table')]"
    },
    "resources": [
        {
            "apiVersion": "2019-06-01",
            "type": "Microsoft.Network/networkSecurityGroups",
            "name": "[variables('networkSecurityGroupName')]",
            "location": "[parameters('location')]",
            "properties": {
                "securityRules": [
                    {
                        "name": "allow_tds_inbound",
                        "properties": {
                            "description": "Allow access to data",
                            "protocol": "Tcp",
                            "sourcePortRange": "*",
                            "destinationPortRange": "1433",
                            "sourceAddressPrefix": "VirtualNetwork",
                            "destinationAddressPrefix": "*",
                            "access": "Allow",
                            "priority": 1000,
                            "direction": "Inbound"
                        }
                    },
                    {
                        "name": "allow_redirect_inbound",
                        "properties": {
                            "description": "Allow inbound redirect traffic to Managed Instance inside the virtual network",
                            "protocol": "Tcp",
                            "sourcePortRange": "*",
                            "destinationPortRange": "11000-11999",
                            "sourceAddressPrefix": "VirtualNetwork",
                            "destinationAddressPrefix": "*",
                            "access": "Allow",
                            "priority": 1100,
                            "direction": "Inbound"
                        }
                    },
                    {
                        "name": "deny_all_inbound",
                        "properties": {
                            "description": "Deny all other inbound traffic",
                            "protocol": "*",
                            "sourcePortRange": "*",
                            "destinationPortRange": "*",
                            "sourceAddressPrefix": "*",
                            "destinationAddressPrefix": "*",
                            "access": "Deny",
                            "priority": 4096,
                            "direction": "Inbound"
                        }
                    },
                    {
                        "name": "deny_all_outbound",
                        "properties": {
                            "description": "Deny all other outbound traffic",
                            "protocol": "*",
                            "sourcePortRange": "*",
                            "destinationPortRange": "*",
                            "sourceAddressPrefix": "*",
                            "destinationAddressPrefix": "*",
                            "access": "Deny",
                            "priority": 4096,
                            "direction": "Outbound"
                        }
                    }
                ]
            }
        },
        {
            "type": "Microsoft.Network/routeTables",
            "name": "[variables('routeTableName')]",
            "apiVersion": "2019-06-01",
            "location": "[parameters('location')]",
            "properties": {
                "disableBgpRoutePropagation": false
            }
        },
        {
            "name": "[parameters('virtualNetworkName')]",
            "type": "Microsoft.Network/virtualNetworks",
            "apiVersion": "2019-06-01",
            "dependsOn": [
                "[variables('routeTableName')]",
                "[variables('networkSecurityGroupName')]"
            ],
            "location": "[parameters('location')]",
            "properties": {
                "addressSpace": {
                    "addressPrefixes": [
                        "[parameters('addressPrefix')]"
                    ]
                },
                "subnets": [
                    {
                        "name": "[parameters('subnetName')]",
                        "properties": {
                            "addressPrefix": "[parameters('subnetPrefix')]",
                            "routeTable": {
                                "id": "[resourceId('Microsoft.Network/routeTables', variables('routeTableName'))]"
                            },
                            "networkSecurityGroup": {
                                "id": "[resourceId('Microsoft.Network/networkSecurityGroups', variables('networkSecurityGroupName'))]"
                            },
                            "delegations": [
                                {
                                    "name": "miDelegation",
                                    "properties": {
                                        "serviceName": "Microsoft.Sql/managedInstances"
                                    }
                                }
                            ]
                        }
                    }
                ]
            }
        },
        {
            "type": "Microsoft.Sql/managedInstances",
            "apiVersion": "2019-06-01-preview",
            "dependsOn": [
                "[parameters('virtualNetworkName')]"
            ],
            "identity": {
                "type": "SystemAssigned"
            },
            "location": "[parameters('location')]",
            "name": "[parameters('managedInstanceName')]",
            "sku": {
                "name": "[parameters('skuName')]"
            },
            "properties": {
                "administratorLogin": "[parameters('administratorLogin')]",
                "administratorLoginPassword": "[parameters('administratorLoginPassword')]",
                "subnetId": "[resourceId('Microsoft.Network/virtualNetworks/subnets', parameters('virtualNetworkName'), parameters('subnetName'))]",
                "storageSizeInGB": "[parameters('storageSizeInGB')]",
                "vCores": "[parameters('vCores')]",
                "licenseType": "[parameters('licenseType')]"
            }
        }
    ],
    "outputs": {
        "virtualNetworkName": {
            "type": "string",
            "value": "[parameters('virtualNetworkName')]"
        },
        "virtualNetworkId": {
            "type": "string",
            "value": "[resourceId('Microsoft.Network/virtualNetworks', parameters('virtualNetworkName'))]"
        }
    }
}