{"Modules":[{"Key":"rules_sg_app","Source":"../../../../../shared-services/devops/terraform/modules/aws-security-group","Dir":"../../../../../shared-services/devops/terraform/modules/aws-security-group"},{"Key":"log_group_ecs","Source":"../../../../../shared-services/devops/terraform/modules/aws-cloudwatch/log-group","Dir":"../../../../../shared-services/devops/terraform/modules/aws-cloudwatch/log-group"},{"Key":"aws_ecs","Source":"../../../../../shared-services/devops/terraform/modules/aws-ecs-cluster","Dir":"../../../../../shared-services/devops/terraform/modules/aws-ecs-cluster"},{"Key":"rules_sg_database","Source":"../../../../../shared-services/devops/terraform/modules/aws-security-group","Dir":"../../../../../shared-services/devops/terraform/modules/aws-security-group"},{"Key":"","Source":"","Dir":"."},{"Key":"aws_iam_role_ecs","Source":"../../../../../shared-services/devops/terraform/modules/aws-iam-role","Dir":"../../../../../shared-services/devops/terraform/modules/aws-iam-role"},{"Key":"sg_app","Source":"../../../../../shared-services/devops/terraform/modules/aws-security-group","Dir":"../../../../../shared-services/devops/terraform/modules/aws-security-group"},{"Key":"vpc","Source":"../../../../../shared-services/devops/terraform/modules/aws-vpc-v3","Dir":"../../../../../shared-services/devops/terraform/modules/aws-vpc-v3"},{"Key":"rules_sg_public","Source":"../../../../../shared-services/devops/terraform/modules/aws-security-group","Dir":"../../../../../shared-services/devops/terraform/modules/aws-security-group"},{"Key":"sg_database","Source":"../../../../../shared-services/devops/terraform/modules/aws-security-group","Dir":"../../../../../shared-services/devops/terraform/modules/aws-security-group"},{"Key":"alb","Source":"../../../../../shared-services/devops/terraform/modules/aws-lb-v2","Dir":"../../../../../shared-services/devops/terraform/modules/aws-lb-v2"},{"Key":"ec2_bastion_01","Source":"../../../../../shared-services/devops/terraform/modules/aws-ec2-instance","Dir":"../../../../../shared-services/devops/terraform/modules/aws-ec2-instance"},{"Key":"sg_public","Source":"../../../../../shared-services/devops/terraform/modules/aws-security-group","Dir":"../../../../../shared-services/devops/terraform/modules/aws-security-group"}]}